{"q": [104.50904846191406, 85.01558685302734, 77.17135620117188, 76.3721923828125, 77.43058013916016, 76.40656280517578, 77.48339080810547, 75.04786682128906, 74.8646011352539, 74.21842193603516, 72.8962631225586, 72.93095397949219, 73.64981842041016, 71.51789855957031, 77.41941833496094, 75.58818054199219, 75.84905242919922, 74.34603118896484, 73.78070068359375, 72.30020904541016, 72.07965087890625, 70.16478729248047, 69.5999526977539, 69.6148910522461, 67.88509368896484, 67.64799499511719, 65.1449966430664, 65.61150360107422], "k": [73.36035919189453, 63.84610366821289, 58.01344299316406, 56.78009796142578, 55.59111022949219, 57.09087371826172, 56.3121223449707, 57.81324005126953, 56.34823226928711, 56.186187744140625, 55.3765754699707, 54.44035339355469, 55.128662109375, 54.992088317871094, 52.61826705932617, 52.867435455322266, 54.757476806640625, 52.19139099121094, 51.24873352050781, 51.368247985839844, 50.879520416259766, 48.26675033569336, 47.783145904541016, 49.558040618896484, 47.692138671875, 47.16252899169922, 42.97846221923828, 43.35832595825195], "v": [20.1940975189209, 23.30703353881836, 20.63898277282715, 23.989154815673828, 25.35761070251465, 21.228979110717773, 22.456130981445312, 21.857704162597656, 22.109731674194336, 24.199199676513672, 21.02597999572754, 24.900110244750977, 22.33861541748047, 23.103389739990234, 24.259191513061523, 24.752361297607422, 23.794189453125, 24.210805892944336, 25.4132080078125, 25.939945220947266, 28.51410484313965, 31.083539962768555, 31.320688247680664, 32.31462097167969, 34.03253936767578, 34.6258544921875, 39.49491500854492, 34.75704574584961], "o": [37.02153015136719, 42.58382034301758, 39.78950119018555, 45.2685661315918, 46.35476303100586, 42.046295166015625, 43.53553009033203, 43.94955062866211, 44.04735565185547, 46.62324523925781, 43.46913146972656, 46.99543762207031, 44.49097442626953, 45.44785690307617, 47.45869827270508, 47.27957534790039, 47.16865158081055, 47.900787353515625, 47.27485656738281, 48.88456726074219, 50.60334396362305, 53.27838897705078, 53.6954345703125, 53.873008728027344, 55.6270637512207, 56.60334014892578, 60.742977142333984, 59.51239013671875], "gate": [93.94944763183594, 95.14204406738281, 95.86907196044922, 99.82672119140625, 104.78160858154297, 102.71300506591797, 101.50702667236328, 98.62593841552734, 98.33585357666016, 97.99124145507812, 94.93997192382812, 93.54554748535156, 93.33480834960938, 94.51439666748047, 96.34061431884766, 100.44496154785156, 102.01834106445312, 102.58805847167969, 102.3491439819336, 102.37286376953125, 102.00125885009766, 102.39866638183594, 103.22578430175781, 104.95325469970703, 106.09852600097656, 105.20185852050781, 106.62470245361328, 111.11985778808594], "up": [88.7883529663086, 88.92021942138672, 88.07927703857422, 86.87554931640625, 85.1605224609375, 86.11466979980469, 86.09748077392578, 86.82737731933594, 86.01860809326172, 87.6954116821289, 87.86924743652344, 88.91836547851562, 89.8382339477539, 89.87290954589844, 90.74768829345703, 89.95036315917969, 89.3428955078125, 89.12911224365234, 89.62226104736328, 90.7571029663086, 91.97464752197266, 92.11146545410156, 92.483642578125, 92.29971313476562, 92.16230773925781, 92.05802917480469, 92.75067138671875, 101.81480407714844], "down": [88.16970825195312, 88.54165649414062, 88.61731719970703, 86.43507385253906, 84.78648376464844, 85.49552154541016, 85.42115783691406, 86.44609832763672, 85.71298217773438, 86.25234985351562, 86.65570068359375, 87.58857727050781, 87.69293212890625, 88.4079818725586, 88.71953582763672, 88.43049621582031, 88.43041229248047, 88.78166961669922, 89.44313049316406, 90.2886734008789, 91.17120361328125, 91.44927215576172, 91.82976531982422, 91.41911315917969, 90.51570892333984, 88.8898696899414, 87.56783294677734, 87.51436614990234]}