{"q": [30.8787841796875, 12.987987518310547, 10.859000205993652, 11.54150104522705, 11.41497802734375, 10.978540420532227, 11.026042938232422, 10.349183082580566, 9.508026123046875, 12.06058120727539, 10.777466773986816, 10.810689926147461, 11.239339828491211, 10.463653564453125, 12.140427589416504, 12.703550338745117], "k": [16.354476928710938, 8.510796546936035, 6.968631267547607, 8.200031280517578, 8.1469144821167, 8.156610488891602, 8.568693161010742, 7.631038188934326, 8.127361297607422, 8.345749855041504, 7.290618419647217, 8.873623847961426, 8.1063232421875, 7.387264728546143, 6.877310752868652, 7.901418209075928], "v": [1.004690170288086, 0.8972925543785095, 0.9853743314743042, 1.0293127298355103, 1.0167063474655151, 1.0110726356506348, 1.0627979040145874, 1.1869308948516846, 1.0062241554260254, 1.0027101039886475, 1.1693257093429565, 1.0363290309906006, 1.0930519104003906, 1.2278656959533691, 2.6874654293060303, 2.0906550884246826], "o": [3.2801272869110107, 3.3788576126098633, 2.9915719032287598, 2.5963993072509766, 2.4446816444396973, 2.457453966140747, 2.2018942832946777, 2.4497668743133545, 2.459092855453491, 2.6624598503112793, 3.0496270656585693, 2.8154358863830566, 3.551562547683716, 3.6921584606170654, 3.880316972732544, 2.8043205738067627], "gate": [7.263049125671387, 10.291463851928711, 11.056071281433105, 14.468810081481934, 15.703080177307129, 14.266324043273926, 12.758443832397461, 12.903054237365723, 12.652099609375, 14.022783279418945, 13.530303955078125, 11.832697868347168, 8.843456268310547, 8.539795875549316, 10.106719970703125, 15.011847496032715], "up": [5.251936912536621, 6.850796699523926, 3.269613265991211, 3.7358083724975586, 3.2133100032806396, 3.6504104137420654, 3.3638885021209717, 4.352985382080078, 3.7108864784240723, 3.941680908203125, 3.641468048095703, 3.95098614692688, 3.8008761405944824, 4.392115116119385, 6.316075801849365, 13.493999481201172], "down": [4.83575963973999, 4.706284523010254, 5.109457492828369, 4.510549545288086, 5.005006313323975, 5.998149394989014, 6.6693291664123535, 6.902506351470947, 5.45039701461792, 5.235764503479004, 4.642515182495117, 4.3527092933654785, 3.8460638523101807, 3.6423816680908203, 4.040492057800293, 4.168827533721924]}