{
    "q": [
        31.358444213867188,
        13.032538414001465,
        10.910442352294922,
        11.513763427734375,
        11.32756519317627,
        10.903267860412598,
        10.939882278442383,
        10.336681365966797,
        9.519631385803223,
        12.09460163116455,
        10.877497673034668,
        10.797231674194336,
        11.235454559326172,
        10.614867210388184,
        12.300085067749023,
        12.881489753723145
    ],
    "k": [
        16.441965103149414,
        8.676372528076172,
        7.081810474395752,
        8.29294204711914,
        8.229170799255371,
        8.281497955322266,
        8.698945045471191,
        7.745791912078857,
        8.210713386535645,
        8.440902709960938,
        7.351608753204346,
        8.94550609588623,
        8.212824821472168,
        7.474686145782471,
        6.991170406341553,
        8.064026832580566
    ],
    "v": [
        1.0496668815612793,
        0.928800642490387,
        1.0394413471221924,
        1.0788650512695312,
        1.0681134462356567,
        1.0471405982971191,
        1.1203786134719849,
        1.2349820137023926,
        1.0400480031967163,
        1.0295912027359009,
        1.2118160724639893,
        1.0621001720428467,
        1.1222703456878662,
        1.2576265335083008,
        2.775667428970337,
        2.1325955390930176
    ],
    "o": [
        3.293990135192871,
        3.4221348762512207,
        3.021855592727661,
        2.636955499649048,
        2.5021722316741943,
        2.4992778301239014,
        2.260695695877075,
        2.4676241874694824,
        2.4060628414154053,
        2.700451374053955,
        3.063222885131836,
        2.8800697326660156,
        3.61673903465271,
        3.813741683959961,
        3.968404531478882,
        2.8760123252868652
    ],
    "gate": [
        7.35297966003418,
        10.328547477722168,
        11.13276195526123,
        14.54663372039795,
        15.744877815246582,
        14.205574035644531,
        12.65790843963623,
        12.687796592712402,
        12.455135345458984,
        13.848115921020508,
        13.338432312011719,
        11.616540908813477,
        8.513501167297363,
        8.432385444641113,
        9.99591064453125,
        15.29361343383789
    ],
    "up": [
        5.238582611083984,
        7.030109405517578,
        3.347991466522217,
        3.779764413833618,
        3.2663509845733643,
        3.702427864074707,
        3.4286513328552246,
        4.434638500213623,
        3.784877300262451,
        4.006645202636719,
        3.718392848968506,
        4.056645393371582,
        3.8204426765441895,
        4.411130905151367,
        6.490843296051025,
        13.872819900512695
    ],
    "down": [
        4.972671985626221,
        4.841915607452393,
        5.233860969543457,
        4.62852668762207,
        5.138021469116211,
        6.157148838043213,
        6.864802360534668,
        7.080394268035889,
        5.56791877746582,
        5.370741844177246,
        4.759311199188232,
        4.441676616668701,
        3.94364595413208,
        3.7456817626953125,
        4.154698371887207,
        4.234753131866455
    ]
}