{"q": [5.718755722045898, 19.31044578552246, 26.838130950927734, 23.17961883544922, 22.229610443115234, 22.698760986328125, 20.24281120300293, 26.1350154876709, 28.958850860595703, 24.244895935058594, 24.89082145690918, 25.636911392211914, 23.64190101623535, 25.66810417175293, 19.70355987548828, 15.550650596618652], "k": [8.559338569641113, 22.830013275146484, 30.214187622070312, 20.728557586669922, 20.380868911743164, 20.726511001586914, 20.07610321044922, 24.86663055419922, 22.405155181884766, 19.613386154174805, 22.575634002685547, 17.96164321899414, 19.904560089111328, 20.442251205444336, 19.836050033569336, 14.744433403015137], "v": [87.4774169921875, 123.27448272705078, 142.11647033691406, 181.69334411621094, 172.35482788085938, 123.90508270263672, 152.30845642089844, 132.6496124267578, 165.16314697265625, 200.2803192138672, 116.98209381103516, 173.31008911132812, 177.213623046875, 195.9552764892578, 71.15433502197266, 107.87732696533203], "o": [51.330413818359375, 59.847877502441406, 78.40403747558594, 133.59365844726562, 150.62713623046875, 122.70967864990234, 170.8654327392578, 146.79336547851562, 143.2853240966797, 141.00433349609375, 93.16773986816406, 119.18083953857422, 77.21802520751953, 88.14604187011719, 107.94330596923828, 199.27496337890625], "gate": [118.4935531616211, 64.09578704833984, 58.78941345214844, 40.576358795166016, 36.85130310058594, 39.18138885498047, 46.742881774902344, 43.11344528198242, 43.59693145751953, 38.88444900512695, 41.579811096191406, 55.51213836669922, 98.3267822265625, 101.26506042480469, 77.49494934082031, 39.006805419921875], "up": [180.3247833251953, 104.92855072021484, 420.28875732421875, 304.44329833984375, 404.7815856933594, 322.1346435546875, 371.9915771484375, 234.7519073486328, 329.39495849609375, 307.92010498046875, 367.3202209472656, 324.20709228515625, 367.9445495605469, 291.5762939453125, 140.33657836914062, 36.55508804321289], "down": [209.9777374267578, 217.26568603515625, 175.53964233398438, 205.34481811523438, 163.89175415039062, 116.43302154541016, 91.26918029785156, 89.36739349365234, 144.7703857421875, 164.5800018310547, 216.9274139404297, 257.9669189453125, 348.3451843261719, 406.11444091796875, 317.10614013671875, 296.9635009765625]}