{"q": [2062.16552734375, 1886.3280029296875, 1886.353759765625, 1853.142578125, 1763.84814453125, 1639.2391357421875, 1562.2698974609375, 1626.4036865234375, 1569.78173828125, 1820.7623291015625, 1645.4232177734375, 1790.08740234375, 1781.659912109375, 1739.4163818359375, 1531.3712158203125, 1465.3511962890625], "k": [833.6343994140625, 800.4253540039062, 771.2489013671875, 739.8919677734375, 734.0556030273438, 731.9301147460938, 727.0735473632812, 744.3390502929688, 744.9532470703125, 720.3482666015625, 679.2322387695312, 734.049560546875, 709.3858642578125, 666.0177001953125, 545.8441162109375, 557.808349609375], "v": [189.8477783203125, 210.78932189941406, 252.77020263671875, 307.23260498046875, 294.175537109375, 241.07913208007812, 287.2677917480469, 293.07867431640625, 279.27655029296875, 315.98272705078125, 272.8011474609375, 294.9590759277344, 313.6531066894531, 375.62799072265625, 454.15753173828125, 443.6627502441406], "o": [759.3027954101562, 909.6698608398438, 935.4368286132812, 1099.113037109375, 1060.523193359375, 928.9203491210938, 996.2588500976562, 986.322021484375, 997.3820190429688, 1098.9814453125, 975.298583984375, 1086.8902587890625, 1111.8487548828125, 1267.0946044921875, 1439.0291748046875, 1400.93505859375], "gate": [3435.692138671875, 3576.8193359375, 3671.808349609375, 3930.324951171875, 4033.08447265625, 3749.906982421875, 3653.2880859375, 3511.525390625, 3488.9345703125, 3647.0048828125, 3664.703369140625, 3749.91650390625, 3755.985107421875, 3672.1591796875, 3777.61767578125, 3947.984619140625], "up": [3098.208984375, 3086.873046875, 2948.50341796875, 2860.12158203125, 2826.425048828125, 2842.140380859375, 2808.14794921875, 2877.66845703125, 2920.8486328125, 2997.96630859375, 3020.828369140625, 3069.16064453125, 3134.638671875, 3222.244384765625, 3189.5546875, 3405.897216796875], "down": [3090.332275390625, 3028.6123046875, 2928.08154296875, 2787.984130859375, 2745.016845703125, 2746.925048828125, 2693.7060546875, 2769.38525390625, 2811.14306640625, 2890.016357421875, 2957.291015625, 3028.051025390625, 3081.935546875, 3146.678955078125, 3089.67724609375, 3108.85400390625]}