{
    "q": [
        5.799821853637695,
        20.006397247314453,
        27.646089553833008,
        24.13534927368164,
        23.376047134399414,
        23.857208251953125,
        21.249324798583984,
        27.309459686279297,
        30.07524871826172,
        25.21422576904297,
        25.60883331298828,
        26.90643310546875,
        24.732851028442383,
        26.077226638793945,
        19.96907615661621,
        15.711847305297852
    ],
    "k": [
        8.838093757629395,
        22.9717960357666,
        30.465272903442383,
        21.003021240234375,
        20.728879928588867,
        20.91973876953125,
        20.24781036376953,
        25.198652267456055,
        23.055570602416992,
        20.09124755859375,
        23.45877456665039,
        18.66362953186035,
        20.39630126953125,
        20.934490203857422,
        19.998929977416992,
        14.729049682617188
    ],
    "v": [
        79.5713882446289,
        116.14900207519531,
        132.5187530517578,
        173.1858367919922,
        164.0682373046875,
        120.83235931396484,
        144.9091033935547,
        129.7999267578125,
        160.65084838867188,
        197.2525634765625,
        111.89704895019531,
        166.46713256835938,
        172.09251403808594,
        194.1013641357422,
        70.19755554199219,
        108.61278533935547
    ],
    "o": [
        51.94062423706055,
        59.64637756347656,
        78.9807357788086,
        134.15530395507812,
        148.96307373046875,
        122.2643814086914,
        166.93685913085938,
        149.71148681640625,
        153.43531799316406,
        141.8246612548828,
        94.58671569824219,
        116.01177215576172,
        76.27043914794922,
        85.57527923583984,
        107.63827514648438,
        197.2970733642578
    ],
    "gate": [
        119.97557830810547,
        66.10261535644531,
        60.28184509277344,
        41.77389144897461,
        38.12839889526367,
        40.99065399169922,
        49.17367935180664,
        46.13951873779297,
        46.41803741455078,
        41.197296142578125,
        44.15365219116211,
        59.590476989746094,
        109.86972045898438,
        107.32510375976562,
        82.05348205566406,
        39.08738327026367
    ],
    "up": [
        187.10775756835938,
        102.75157165527344,
        411.7941589355469,
        304.6781311035156,
        400.7250061035156,
        319.9527282714844,
        364.9316101074219,
        230.90103149414062,
        322.22772216796875,
        303.97760009765625,
        359.06646728515625,
        314.4583740234375,
        373.4000244140625,
        296.3582763671875,
        136.47900390625,
        35.696990966796875
    ],
    "down": [
        205.16094970703125,
        211.70033264160156,
        172.1719970703125,
        200.06283569335938,
        159.3199005126953,
        113.04376220703125,
        87.8863525390625,
        86.7369384765625,
        141.2142791748047,
        159.61279296875,
        210.46539306640625,
        253.3388671875,
        339.55218505859375,
        393.83270263671875,
        308.1416015625,
        296.5691223144531
    ]
}