{"q": [194.66827392578125, 843.297607421875, 1182.7108154296875, 1201.4366455078125, 1122.3350830078125, 1080.8697509765625, 1083.9547119140625, 1020.00439453125, 987.91015625, 981.6716918945312, 1022.6591186523438, 987.903076171875, 921.9424438476562, 968.1796875, 920.4937133789062, 1017.9796752929688, 1157.3837890625, 1229.2864990234375, 1227.2166748046875, 1190.2034912109375, 1304.26220703125, 1257.9959716796875, 1286.4278564453125, 1271.2222900390625, 1282.464599609375, 1390.45947265625, 840.782958984375, 986.6729125976562], "k": [167.64881896972656, 417.9896545410156, 586.7886962890625, 586.066162109375, 565.7756958007812, 586.4315185546875, 579.4247436523438, 534.2468872070312, 518.2131958007812, 516.1130981445312, 528.5827026367188, 499.99169921875, 472.159423828125, 499.26483154296875, 519.6555786132812, 520.6963500976562, 554.47607421875, 609.6806030273438, 602.2045288085938, 592.3883666992188, 613.2494506835938, 602.139892578125, 620.1575927734375, 579.364501953125, 601.9791259765625, 666.6686401367188, 470.0814208984375, 511.3132019042969], "v": [678.9363403320312, 778.76708984375, 737.7266235351562, 822.6439208984375, 801.1074829101562, 765.7339477539062, 776.5188598632812, 718.4417114257812, 766.6206665039062, 709.1383666992188, 671.4630737304688, 720.90771484375, 722.0725708007812, 767.7488403320312, 835.060546875, 837.3931884765625, 757.212158203125, 783.466064453125, 799.9005126953125, 827.5035400390625, 803.8897705078125, 760.2025756835938, 795.7412719726562, 861.5891723632812, 772.0433349609375, 832.82373046875, 753.0636596679688, 782.1394653320312], "o": [1225.7733154296875, 1383.158935546875, 1355.2386474609375, 1508.259033203125, 1496.9954833984375, 1413.4239501953125, 1440.4884033203125, 1356.6287841796875, 1345.0345458984375, 1325.1531982421875, 1273.7568359375, 1354.0953369140625, 1309.134033203125, 1339.780517578125, 1456.3603515625, 1451.0491943359375, 1493.235595703125, 1501.7255859375, 1576.6815185546875, 1611.5390625, 1691.1396484375, 1670.156982421875, 1681.5362548828125, 1638.9774169921875, 1606.8958740234375, 1582.115234375, 1450.647216796875, 1478.50634765625], "gate": [2173.447998046875, 2150.17919921875, 2295.0537109375, 2181.0830078125, 2094.927001953125, 2084.919677734375, 2045.7435302734375, 2027.7850341796875, 1950.9556884765625, 1932.16552734375, 1943.7777099609375, 1954.7064208984375, 1934.1575927734375, 1943.3013916015625, 1931.763916015625, 2009.69482421875, 2130.789794921875, 2179.4755859375, 2211.111328125, 2228.39501953125, 2272.37646484375, 2300.026611328125, 2302.432861328125, 2255.957275390625, 2188.06005859375, 2105.35498046875, 2038.7718505859375, 1897.2578125], "up": [2398.663818359375, 2381.683349609375, 2458.90478515625, 2490.324951171875, 2513.772216796875, 2484.31884765625, 2465.143310546875, 2442.64453125, 2393.9892578125, 2353.58447265625, 2345.85009765625, 2374.411376953125, 2352.384033203125, 2401.435791015625, 2411.584228515625, 2416.92236328125, 2423.543212890625, 2425.1767578125, 2427.791748046875, 2430.27490234375, 2411.081787109375, 2412.76904296875, 2418.32763671875, 2424.405517578125, 2413.200439453125, 2339.602294921875, 2218.97900390625, 1741.33544921875], "down": [2411.484375, 2470.485595703125, 2347.9775390625, 2335.56396484375, 2354.142333984375, 2329.02001953125, 2316.256103515625, 2215.221923828125, 2220.17724609375, 2201.022216796875, 2156.986572265625, 2238.066162109375, 2273.0439453125, 2304.540771484375, 2390.01318359375, 2423.03369140625, 2404.24755859375, 2421.01025390625, 2418.01171875, 2431.755126953125, 2400.363037109375, 2358.19921875, 2283.31396484375, 2256.571533203125, 2156.98046875, 2324.97998046875, 2374.372802734375, 2339.98486328125]}