{
    "q": [
        44.43267059326172,
        15.560131072998047,
        11.14106273651123,
        12.510316848754883,
        13.096430778503418,
        12.072874069213867,
        12.317168235778809,
        12.73567008972168,
        10.950421333312988,
        10.786581039428711,
        10.792086601257324,
        12.044591903686523,
        10.169218063354492,
        10.30117130279541,
        12.348494529724121,
        12.256426811218262,
        11.716832160949707,
        11.9512300491333,
        11.646891593933105,
        12.78822135925293,
        12.24556827545166,
        11.684699058532715,
        11.984391212463379,
        11.361980438232422,
        11.283164024353027,
        10.26528549194336,
        12.791738510131836,
        13.750678062438965
    ],
    "k": [
        26.54134750366211,
        11.303337097167969,
        7.534956455230713,
        8.576637268066406,
        8.869529724121094,
        8.341771125793457,
        9.175354957580566,
        9.805338859558105,
        8.724613189697266,
        8.327125549316406,
        7.895503044128418,
        9.21277141571045,
        8.253070831298828,
        8.4672269821167,
        9.129212379455566,
        8.625709533691406,
        8.667781829833984,
        8.524323463439941,
        8.4108304977417,
        8.628101348876953,
        8.425862312316895,
        7.854689598083496,
        7.43317985534668,
        8.181017875671387,
        7.8939948081970215,
        7.394107341766357,
        7.812402725219727,
        9.13023567199707
    ],
    "v": [
        1.5935472249984741,
        1.4521564245224,
        1.547331690788269,
        1.4516005516052246,
        1.6177089214324951,
        1.4136205911636353,
        1.561702847480774,
        1.587106466293335,
        1.498672604560852,
        1.6678234338760376,
        1.635703444480896,
        1.7917122840881348,
        1.5223363637924194,
        1.434556484222412,
        1.4867053031921387,
        1.432504653930664,
        1.58037269115448,
        1.4199081659317017,
        1.6155997514724731,
        1.5668950080871582,
        1.8165277242660522,
        1.8413728475570679,
        1.968833088874817,
        1.9147917032241821,
        2.0633034706115723,
        2.364375114440918,
        2.7214009761810303,
        2.1085500717163086
    ],
    "o": [
        4.812948226928711,
        5.279509544372559,
        5.124566555023193,
        4.620662689208984,
        4.24375057220459,
        3.4884731769561768,
        3.6394975185394287,
        3.3845248222351074,
        3.785053253173828,
        4.0951313972473145,
        3.6221702098846436,
        3.9310355186462402,
        3.343484401702881,
        3.0321054458618164,
        3.8832457065582275,
        4.1922125816345215,
        3.8009023666381836,
        3.7428207397460938,
        4.177289009094238,
        3.3815975189208984,
        3.571075439453125,
        3.253248929977417,
        3.570338010787964,
        3.8073806762695312,
        4.6690263748168945,
        5.5612640380859375,
        5.431654930114746,
        5.076023578643799
    ],
    "gate": [
        8.249046325683594,
        8.336030960083008,
        9.428240776062012,
        11.51686954498291,
        14.555336952209473,
        13.760785102844238,
        14.091784477233887,
        13.34962272644043,
        13.334224700927734,
        13.7246675491333,
        12.969441413879395,
        12.987998962402344,
        13.469413757324219,
        13.609098434448242,
        14.385453224182129,
        14.87920093536377,
        13.42169189453125,
        12.615530967712402,
        12.349156379699707,
        11.80904769897461,
        10.84200382232666,
        9.681028366088867,
        9.490799903869629,
        11.753303527832031,
        14.083996772766113,
        14.687117576599121,
        15.354764938354492,
        16.971437454223633
    ],
    "up": [
        5.775955677032471,
        4.391613483428955,
        3.8511857986450195,
        3.6219873428344727,
        3.624046802520752,
        3.8596014976501465,
        3.9602348804473877,
        4.148860931396484,
        4.079181671142578,
        4.024482250213623,
        4.530449867248535,
        4.35090970993042,
        4.261867046356201,
        3.985318660736084,
        4.015890598297119,
        4.217031478881836,
        4.2286763191223145,
        4.246160507202148,
        4.357598304748535,
        4.629316806793213,
        4.511490821838379,
        4.206632614135742,
        4.369058132171631,
        5.119538307189941,
        6.491782188415527,
        8.8435640335083,
        12.337531089782715,
        20.2374267578125
    ],
    "down": [
        6.124310493469238,
        5.7220988273620605,
        5.709524631500244,
        4.999823093414307,
        5.410018444061279,
        5.202237606048584,
        5.739992618560791,
        6.7799296379089355,
        6.908796787261963,
        7.294828414916992,
        7.365097999572754,
        7.535872459411621,
        5.755869388580322,
        5.558514595031738,
        5.776895523071289,
        5.2253828048706055,
        4.725497722625732,
        4.251380920410156,
        4.5429158210754395,
        4.472001075744629,
        4.224294662475586,
        4.702374458312988,
        4.697375297546387,
        4.584846496582031,
        4.9732666015625,
        4.519467830657959,
        4.539727210998535,
        4.734920978546143
    ]
}