{"q": [258.4534606933594, 670.622802734375, 726.5784912109375, 695.1641235351562, 659.9384155273438, 597.4417724609375, 585.7987670898438, 550.6182861328125, 549.4611206054688, 534.8838500976562, 547.366455078125, 641.3096313476562, 643.20166015625, 656.6878662109375, 413.6018371582031, 437.0291748046875], "k": [168.09829711914062, 287.1672058105469, 317.1776123046875, 290.96875, 295.4005126953125, 289.6898498535156, 249.15731811523438, 281.71820068359375, 262.69482421875, 266.52264404296875, 274.2641906738281, 258.1514587402344, 276.59051513671875, 287.1152038574219, 214.73788452148438, 223.77235412597656], "v": [354.7579345703125, 402.8634338378906, 404.0259704589844, 435.9131774902344, 428.1473083496094, 390.65057373046875, 412.2178955078125, 381.76458740234375, 405.3141784667969, 450.9451904296875, 416.943359375, 429.0471496582031, 417.7706604003906, 422.9825134277344, 301.0828552246094, 331.9011535644531], "o": [725.3218994140625, 885.6848754882812, 910.0928955078125, 1022.0872802734375, 926.694580078125, 835.6513061523438, 880.8200073242188, 775.7893676757812, 836.2308349609375, 889.8546142578125, 773.8511962890625, 958.8032836914062, 960.3411254882812, 1021.4353637695312, 948.465576171875, 921.5762939453125], "gate": [1595.713623046875, 1588.4119873046875, 1575.5789794921875, 1448.4913330078125, 1409.039794921875, 1393.6988525390625, 1388.4659423828125, 1330.006103515625, 1380.8702392578125, 1373.5703125, 1436.0272216796875, 1514.8460693359375, 1571.0911865234375, 1555.67041015625, 1495.0501708984375, 1378.5394287109375], "up": [1712.82275390625, 1727.1705322265625, 1757.6217041015625, 1745.6943359375, 1729.721435546875, 1687.2508544921875, 1676.5850830078125, 1645.80810546875, 1693.80126953125, 1686.0347900390625, 1688.8421630859375, 1668.9039306640625, 1643.8128662109375, 1631.5479736328125, 1569.385498046875, 1322.420654296875], "down": [1738.3231201171875, 1697.2227783203125, 1636.9139404296875, 1635.9183349609375, 1603.121337890625, 1543.339599609375, 1527.775146484375, 1538.0198974609375, 1613.7113037109375, 1644.87451171875, 1672.46728515625, 1679.158935546875, 1629.894775390625, 1630.0238037109375, 1628.5228271484375, 1651.594970703125]}