{"q": [743.497314453125, 1048.5543212890625, 1086.2332763671875, 1076.86328125, 1040.774169921875, 955.4607543945312, 966.9960327148438, 918.6083374023438, 916.033935546875, 907.9139404296875, 908.5775146484375, 1029.8021240234375, 1025.8980712890625, 1039.157470703125, 796.1541137695312, 843.1907958984375], "k": [289.61328125, 370.364501953125, 389.90924072265625, 378.81475830078125, 383.7865905761719, 373.7377014160156, 345.30914306640625, 366.43829345703125, 357.37701416015625, 362.53125, 364.93023681640625, 361.2385559082031, 366.51123046875, 379.5927429199219, 308.28302001953125, 327.0663757324219], "v": [416.50628662109375, 447.3966369628906, 449.6941223144531, 469.9453430175781, 464.04425048828125, 441.43475341796875, 454.91754150390625, 436.4898681640625, 450.55523681640625, 478.6844177246094, 455.61090087890625, 464.73822021484375, 456.72711181640625, 460.9275207519531, 383.8285217285156, 400.2834167480469], "o": [1054.419921875, 1202.7491455078125, 1230.150634765625, 1307.25732421875, 1220.4373779296875, 1151.6290283203125, 1181.6219482421875, 1091.2742919921875, 1140.5830078125, 1185.005126953125, 1101.548828125, 1248.04443359375, 1255.71240234375, 1300.39013671875, 1233.9827880859375, 1216.762939453125], "gate": [1817.820556640625, 1814.3546142578125, 1805.7822265625, 1747.65087890625, 1722.64453125, 1704.273681640625, 1697.4576416015625, 1664.662353515625, 1695.299072265625, 1689.010009765625, 1717.6431884765625, 1755.946044921875, 1779.686767578125, 1775.38427734375, 1748.171630859375, 1711.193359375], "up": [1868.9854736328125, 1877.853271484375, 1885.8759765625, 1882.0400390625, 1872.3275146484375, 1846.8095703125, 1842.5010986328125, 1828.4476318359375, 1853.094482421875, 1847.1075439453125, 1845.10302734375, 1829.1492919921875, 1814.009033203125, 1809.7264404296875, 1779.1158447265625, 1695.62646484375], "down": [1885.5069580078125, 1854.4964599609375, 1825.8489990234375, 1821.9412841796875, 1801.18701171875, 1770.205810546875, 1762.5294189453125, 1772.6243896484375, 1813.3291015625, 1822.558837890625, 1840.6898193359375, 1840.204345703125, 1807.5079345703125, 1802.547119140625, 1805.2005615234375, 1827.680419921875]}