{"q": [5.69609260559082, 30.143695831298828, 48.332427978515625, 37.36231231689453, 35.021705627441406, 40.37580108642578, 39.77963638305664, 34.46206283569336, 46.88468551635742, 47.671531677246094, 45.72254180908203, 36.506507873535156, 53.58810806274414, 48.13069152832031, 39.958866119384766, 38.79326629638672, 42.48371505737305, 39.19527053833008, 41.14858627319336, 32.876190185546875, 35.29628372192383, 37.099571228027344, 34.67259979248047, 38.532073974609375, 37.87468338012695, 45.84345245361328, 27.286788940429688, 23.46281623840332], "k": [7.764562606811523, 32.76607894897461, 60.83763885498047, 44.460411071777344, 40.242618560791016, 48.321876525878906, 38.458003997802734, 35.712242126464844, 42.993080139160156, 46.66722869873047, 50.49537658691406, 36.181556701660156, 45.72890853881836, 42.99462127685547, 33.50165557861328, 38.39961242675781, 40.85203170776367, 38.28245162963867, 38.34335708618164, 36.28627014160156, 37.55596923828125, 39.53807830810547, 42.41767501831055, 38.05966567993164, 38.400390625, 42.462860107421875, 31.501760482788086, 23.027189254760742], "v": [174.28564453125, 276.9197082519531, 185.90969848632812, 289.36956787109375, 262.3973693847656, 240.7140655517578, 219.46051025390625, 201.50218200683594, 235.3482208251953, 222.9676971435547, 177.91604614257812, 211.14266967773438, 227.35690307617188, 277.2113342285156, 279.5163269042969, 310.1253356933594, 244.76565551757812, 303.7671813964844, 269.76849365234375, 300.4169006347656, 267.0103759765625, 300.3529357910156, 271.9488525390625, 299.59814453125, 285.4305419921875, 234.1292266845703, 212.7338104248047, 280.7318420410156], "o": [60.917152404785156, 67.95650482177734, 62.253536224365234, 98.97026062011719, 123.31871795654297, 151.91358947753906, 150.58677673339844, 176.6832733154297, 141.79493713378906, 134.3680419921875, 148.49871826171875, 151.29124450683594, 178.6694793701172, 233.01882934570312, 154.19932556152344, 133.19329833984375, 161.60183715820312, 172.4381561279297, 130.6581268310547, 219.6527099609375, 208.55673217773438, 281.78973388671875, 234.59959411621094, 205.54029846191406, 146.09530639648438, 107.01104736328125, 127.43614196777344, 141.0289306640625], "gate": [134.63636779785156, 133.995361328125, 105.2062759399414, 77.50191497802734, 53.61177062988281, 57.38217544555664, 52.61492919921875, 54.96143341064453, 54.65208435058594, 50.54067611694336, 52.30043411254883, 51.01164245605469, 47.14176940917969, 46.6850471496582, 43.88718032836914, 44.61709213256836, 56.47477340698242, 63.6872673034668, 66.47940826416016, 71.23558807373047, 84.84428405761719, 106.88452911376953, 112.11865234375, 76.1253433227539, 55.62957763671875, 50.84760284423828, 47.359256744384766, 43.758148193359375], "up": [237.77687072753906, 427.8768005371094, 548.6297607421875, 588.6967163085938, 573.5650634765625, 513.2938842773438, 483.83343505859375, 451.97412109375, 455.385498046875, 488.712158203125, 380.2694091796875, 417.9305419921875, 455.2876892089844, 518.3975830078125, 523.9937744140625, 469.0035095214844, 460.40087890625, 459.8731689453125, 441.53662109375, 402.6716613769531, 432.35906982421875, 498.8204650878906, 471.2594299316406, 344.1430969238281, 213.1309051513672, 117.71247100830078, 61.6807746887207, 27.029794692993164], "down": [217.14996337890625, 254.87786865234375, 253.29550170898438, 315.5785217285156, 258.5574035644531, 283.9262390136719, 231.0474395751953, 169.1800079345703, 160.69015502929688, 146.62950134277344, 145.25479125976562, 139.5716094970703, 240.26788330078125, 265.73541259765625, 244.97445678710938, 297.9479675292969, 362.18255615234375, 453.42437744140625, 402.4535217285156, 420.69561767578125, 480.121337890625, 403.0079650878906, 407.1159973144531, 428.4828186035156, 355.0274658203125, 413.0333557128906, 401.58740234375, 344.93389892578125]}