{"q": [2672.490478515625, 3128.01416015625, 3159.909423828125, 3184.38818359375, 3170.03857421875, 3069.51513671875, 3135.047607421875, 2989.57958984375, 2936.638916015625, 2911.75830078125, 2887.8955078125, 2902.5146484375, 2825.4150390625, 2795.007568359375, 2975.635009765625, 3005.779296875, 3134.37255859375, 3127.28466796875, 3093.311279296875, 3030.845947265625, 3093.968994140625, 2971.55126953125, 2976.3291015625, 2970.0703125, 2888.38623046875, 2952.27734375, 2489.74951171875, 2639.01513671875], "k": [1392.939208984375, 1545.334228515625, 1561.9046630859375, 1548.0693359375, 1508.2738037109375, 1553.27587890625, 1543.068359375, 1545.2591552734375, 1485.869140625, 1481.1033935546875, 1466.7491455078125, 1434.376220703125, 1416.761474609375, 1444.760498046875, 1397.480712890625, 1408.28857421875, 1480.7315673828125, 1452.8271484375, 1418.89453125, 1425.43701171875, 1417.948486328125, 1331.8043212890625, 1321.636962890625, 1356.58251953125, 1312.8681640625, 1346.8568115234375, 1111.12939453125, 1162.69384765625], "v": [574.2410888671875, 691.47412109375, 602.5885009765625, 723.0681762695312, 757.6483764648438, 626.4796752929688, 666.0037841796875, 634.6221313476562, 652.60791015625, 699.1797485351562, 598.5831909179688, 723.340576171875, 647.9085083007812, 683.0463256835938, 733.3883056640625, 749.7423095703125, 699.1243896484375, 718.1451416015625, 759.0704345703125, 783.2891845703125, 853.2346801757812, 913.65283203125, 934.171875, 986.9678344726562, 1006.8781127929688, 1047.8389892578125, 1159.209716796875, 1032.939697265625], "o": [1534.5802001953125, 1836.4842529296875, 1715.166748046875, 2005.012939453125, 2038.83740234375, 1818.2625732421875, 1894.478759765625, 1880.86474609375, 1875.71435546875, 1975.1776123046875, 1821.2384033203125, 1999.6370849609375, 1877.493896484375, 1930.840087890625, 2065.988525390625, 2055.78759765625, 2082.651123046875, 2111.30078125, 2116.10498046875, 2195.0771484375, 2310.614990234375, 2421.615234375, 2451.0673828125, 2432.605712890625, 2500.2783203125, 2539.12646484375, 2636.202392578125, 2610.2470703125], "gate": [4785.716796875, 4822.56982421875, 4928.82763671875, 5087.1630859375, 5298.55078125, 5178.73583984375, 5098.5, 4942.08984375, 4878.81982421875, 4849.11474609375, 4702.73193359375, 4642.78369140625, 4622.6650390625, 4684.322265625, 4767.7060546875, 5014.84326171875, 5155.8447265625, 5210.1630859375, 5216.77880859375, 5227.48828125, 5225.85009765625, 5257.4912109375, 5302.25244140625, 5375.78857421875, 5408.68994140625, 5319.0322265625, 5356.2158203125, 5501.42431640625], "up": [4612.16455078125, 4604.466796875, 4591.9765625, 4546.8125, 4468.7744140625, 4503.30859375, 4494.12158203125, 4525.1337890625, 4459.22119140625, 4525.86865234375, 4532.3115234375, 4603.87255859375, 4637.53759765625, 4661.9267578125, 4709.060546875, 4667.41748046875, 4637.953125, 4627.8720703125, 4654.998046875, 4715.7509765625, 4767.7333984375, 4776.064453125, 4799.24951171875, 4795.0029296875, 4785.8583984375, 4751.8349609375, 4742.578125, 5002.234375], "down": [4592.43603515625, 4628.65673828125, 4577.38037109375, 4448.72705078125, 4372.4384765625, 4396.89208984375, 4388.98828125, 4396.30419921875, 4360.55224609375, 4376.49365234375, 4381.009765625, 4470.39501953125, 4489.98681640625, 4541.63232421875, 4593.82666015625, 4592.76611328125, 4581.65576171875, 4609.03857421875, 4642.533203125, 4692.94970703125, 4718.7119140625, 4713.26806640625, 4700.2568359375, 4661.7626953125, 4575.3876953125, 4565.31201171875, 4526.744140625, 4509.671875]}