{"q": [5.798678398132324, 31.204330444335938, 49.872989654541016, 38.60802459716797, 36.25577926635742, 41.52421951293945, 40.962093353271484, 35.86479187011719, 48.28809356689453, 49.09395980834961, 47.377811431884766, 37.962745666503906, 54.61935806274414, 50.10762405395508, 40.91634750366211, 39.69767379760742, 43.707088470458984, 40.42091369628906, 41.94105911254883, 33.27369689941406, 36.15306854248047, 37.68204879760742, 35.171669006347656, 39.11530303955078, 37.774322509765625, 45.11259078979492, 26.901100158691406, 23.589672088623047], "k": [7.99104118347168, 33.40449523925781, 61.65774154663086, 45.39762496948242, 40.76442337036133, 48.621421813964844, 39.01725387573242, 35.91213607788086, 43.164119720458984, 47.27788162231445, 51.14375686645508, 36.18983840942383, 46.730953216552734, 44.145912170410156, 34.645721435546875, 39.39204788208008, 41.865787506103516, 39.25065612792969, 38.99454116821289, 37.0131721496582, 38.209617614746094, 39.61508560180664, 43.17898178100586, 38.39177322387695, 38.24776077270508, 42.37224578857422, 31.421903610229492, 23.378854751586914], "v": [163.03390502929688, 261.9335021972656, 181.4083709716797, 281.8838806152344, 254.52505493164062, 232.37362670898438, 213.7806854248047, 196.69952392578125, 226.4019012451172, 220.73260498046875, 172.64588928222656, 200.79718017578125, 223.89877319335938, 268.7929382324219, 276.7181701660156, 308.9745178222656, 232.265625, 300.3470458984375, 253.51712036132812, 282.7978210449219, 253.99127197265625, 295.86724853515625, 263.5695495605469, 296.9178771972656, 282.72802734375, 223.9396209716797, 220.4647979736328, 282.42987060546875], "o": [60.883148193359375, 66.844482421875, 61.94461441040039, 99.13882446289062, 123.5746078491211, 149.74655151367188, 147.43817138671875, 173.8328094482422, 139.54986572265625, 134.2716064453125, 148.7494659423828, 147.53240966796875, 182.65098571777344, 231.15768432617188, 154.4570770263672, 131.44943237304688, 158.36444091796875, 169.75404357910156, 131.74839782714844, 215.84193420410156, 207.24295043945312, 278.2760314941406, 234.9939422607422, 207.91978454589844, 147.1380157470703, 107.74385833740234, 130.34902954101562, 142.7917022705078], "gate": [134.44439697265625, 135.1539764404297, 107.23287963867188, 78.08563232421875, 53.94625473022461, 57.85694885253906, 53.76723861694336, 56.482276916503906, 56.2327766418457, 52.66796875, 55.22124481201172, 53.428466796875, 49.34659957885742, 49.49686050415039, 46.04768371582031, 46.861568450927734, 59.47768783569336, 68.09318542480469, 70.67622375488281, 77.40447998046875, 91.24220275878906, 115.38922119140625, 122.11629486083984, 82.4227523803711, 58.732521057128906, 53.04391098022461, 49.89181900024414, 44.49102020263672], "up": [244.39773559570312, 424.4213562011719, 540.9715576171875, 594.4515380859375, 569.3877563476562, 512.81396484375, 486.2269592285156, 450.3857727050781, 456.4815673828125, 487.3628845214844, 385.6682434082031, 428.1651306152344, 454.9477844238281, 520.1041259765625, 522.8597412109375, 466.2091064453125, 457.8625793457031, 452.1882019042969, 434.021484375, 395.1640930175781, 427.761962890625, 493.62164306640625, 461.7247619628906, 335.3174743652344, 208.32752990722656, 112.01814270019531, 58.6093635559082, 26.28091812133789], "down": [214.58815002441406, 247.82955932617188, 249.298583984375, 308.9325866699219, 253.38134765625, 278.3688049316406, 227.9910125732422, 167.32504272460938, 158.1909942626953, 143.55787658691406, 142.0098419189453, 138.56300354003906, 237.71060180664062, 258.78985595703125, 241.61175537109375, 293.67120361328125, 359.35406494140625, 447.75531005859375, 397.7454528808594, 419.0369873046875, 479.2817687988281, 389.2593994140625, 393.6932678222656, 409.9223937988281, 342.0439453125, 399.24005126953125, 385.25286865234375, 353.32171630859375]}