{"q": [73.84327697753906, 57.0739631652832, 56.2556266784668, 55.566810607910156, 53.81966781616211, 52.3052978515625, 49.6083869934082, 52.907527923583984, 51.16594696044922, 59.38522720336914, 53.76953887939453, 54.737667083740234, 54.64897155761719, 53.01273727416992, 53.8897705078125, 50.095577239990234], "k": [47.847225189208984, 40.66523361206055, 38.30477523803711, 37.3336181640625, 36.779388427734375, 37.13409423828125, 38.3931999206543, 38.053279876708984, 38.47011947631836, 36.96082305908203, 34.64051818847656, 37.60746383666992, 36.165977478027344, 33.40011978149414, 30.629945755004883, 30.340246200561523], "v": [9.39680290222168, 9.962553024291992, 11.746905326843262, 13.87448501586914, 13.347724914550781, 11.254518508911133, 13.116341590881348, 13.67031192779541, 12.931571960449219, 14.190397262573242, 12.647223472595215, 13.642991065979004, 14.550882339477539, 17.18815803527832, 22.669586181640625, 21.71438217163086], "o": [23.500553131103516, 26.139318466186523, 26.489187240600586, 30.009889602661133, 30.003639221191406, 27.222299575805664, 28.78217124938965, 29.68096160888672, 29.4357967376709, 31.61544418334961, 29.43604850769043, 30.736106872558594, 31.208927154541016, 34.66424560546875, 40.314849853515625, 39.58713150024414], "gate": [79.06173706054688, 82.39329528808594, 84.77159881591797, 92.16571044921875, 95.32597351074219, 89.30010986328125, 87.2279052734375, 84.72252655029297, 83.53924560546875, 87.44242858886719, 87.24665832519531, 88.1612548828125, 87.69158935546875, 85.93643188476562, 88.97068786621094, 93.75713348388672], "up": [70.52567291259766, 70.17588806152344, 67.03015899658203, 65.18351745605469, 64.64917755126953, 65.5179672241211, 64.87960052490234, 66.69477081298828, 67.34977722167969, 69.16724395751953, 69.7909164428711, 71.14047241210938, 72.90795135498047, 74.9980239868164, 74.82260131835938, 81.58580780029297], "down": [70.0730972290039, 69.37033081054688, 67.69590759277344, 64.63553619384766, 64.0741958618164, 64.7225112915039, 63.715370178222656, 65.25238037109375, 65.57948303222656, 67.16896057128906, 68.37708282470703, 69.91038513183594, 71.78296661376953, 73.40229797363281, 71.95095825195312, 71.83985900878906]}