{"q": [196.83546447753906, 847.32958984375, 1184.7225341796875, 1203.6041259765625, 1127.3349609375, 1080.4327392578125, 1085.1488037109375, 1021.5946655273438, 984.769775390625, 975.8467407226562, 1016.8163452148438, 985.8541870117188, 911.8038940429688, 960.49365234375, 914.4132690429688, 1010.440673828125, 1154.2445068359375, 1227.1961669921875, 1223.4842529296875, 1189.32080078125, 1304.1458740234375, 1254.583740234375, 1284.6636962890625, 1272.162841796875, 1278.309326171875, 1387.9708251953125, 828.5403442382812, 983.1876220703125], "k": [169.93565368652344, 419.1246643066406, 586.6373291015625, 587.1861572265625, 567.1173095703125, 586.82421875, 580.4127807617188, 536.7459106445312, 518.2188720703125, 515.84765625, 527.8872680664062, 500.7201232910156, 471.2199401855469, 497.2519836425781, 520.1669921875, 518.69921875, 553.3519897460938, 609.5309448242188, 600.9627075195312, 593.6608276367188, 612.8892822265625, 600.0950317382812, 617.92626953125, 578.7145385742188, 599.6582641601562, 666.576416015625, 467.2074279785156, 511.6288146972656], "v": [673.2401733398438, 777.281982421875, 731.25927734375, 820.2252197265625, 797.576416015625, 759.928955078125, 771.4196166992188, 710.765380859375, 759.9322509765625, 701.76953125, 660.5025634765625, 711.9335327148438, 715.8137817382812, 762.1970825195312, 832.6688842773438, 834.4208984375, 749.8753051757812, 779.8588256835938, 795.1529541015625, 825.311767578125, 799.999267578125, 755.1572265625, 791.6915893554688, 861.3870849609375, 769.9334716796875, 831.5119018554688, 753.3614501953125, 781.1253051757812], "o": [1208.3621826171875, 1372.7432861328125, 1339.3583984375, 1497.21826171875, 1486.304443359375, 1395.067138671875, 1424.127197265625, 1339.74609375, 1327.671142578125, 1305.7799072265625, 1254.8284912109375, 1334.8773193359375, 1288.0059814453125, 1317.5413818359375, 1443.0947265625, 1434.4599609375, 1475.510986328125, 1483.1729736328125, 1562.8258056640625, 1600.1954345703125, 1681.59716796875, 1661.1383056640625, 1673.2203369140625, 1629.953857421875, 1593.353515625, 1572.5556640625, 1441.82568359375, 1476.6243896484375], "gate": [2179.462158203125, 2156.23291015625, 2298.7666015625, 2185.727294921875, 2096.412109375, 2085.032958984375, 2048.4873046875, 2029.509765625, 1950.404052734375, 1933.6614990234375, 1946.5482177734375, 1954.6207275390625, 1935.4888916015625, 1945.6639404296875, 1935.226806640625, 2015.5499267578125, 2134.385498046875, 2184.137451171875, 2214.217529296875, 2233.403076171875, 2275.36572265625, 2301.294677734375, 2303.556396484375, 2259.201904296875, 2191.51318359375, 2106.1201171875, 2041.3779296875, 1894.1824951171875], "up": [2405.09033203125, 2386.27685546875, 2460.354248046875, 2492.38720703125, 2515.044189453125, 2484.253662109375, 2465.923828125, 2443.01611328125, 2392.915283203125, 2352.79443359375, 2346.090576171875, 2375.33203125, 2352.644287109375, 2401.60302734375, 2412.373291015625, 2417.70166015625, 2422.502197265625, 2424.0703125, 2425.382568359375, 2427.601806640625, 2407.434326171875, 2408.77099609375, 2413.857666015625, 2419.98876953125, 2408.416015625, 2331.81494140625, 2206.824462890625, 1728.9776611328125], "down": [2416.5791015625, 2468.914794921875, 2340.416748046875, 2325.971435546875, 2343.914794921875, 2321.140625, 2308.614501953125, 2204.1416015625, 2209.126953125, 2193.3896484375, 2149.0732421875, 2231.2529296875, 2269.989501953125, 2301.57568359375, 2387.2021484375, 2419.67626953125, 2402.440185546875, 2419.767333984375, 2416.302490234375, 2428.179443359375, 2393.983642578125, 2349.5556640625, 2269.829345703125, 2241.0927734375, 2137.5234375, 2313.927734375, 2364.0458984375, 2331.7880859375]}