{"q": [655.3720703125, 1355.6754150390625, 1675.7745361328125, 1738.1094970703125, 1677.4205322265625, 1609.2926025390625, 1635.2615966796875, 1584.178955078125, 1532.1112060546875, 1529.9432373046875, 1559.2427978515625, 1577.710205078125, 1456.03271484375, 1514.73046875, 1465.289794921875, 1569.8258056640625, 1700.9598388671875, 1763.8477783203125, 1750.9571533203125, 1752.9656982421875, 1838.011962890625, 1786.2066650390625, 1823.0740966796875, 1816.66650390625, 1802.548095703125, 1901.2900390625, 1440.4927978515625, 1610.4300537109375], "k": [361.7525939941406, 586.463623046875, 724.0630493164062, 743.714599609375, 736.490966796875, 739.5220947265625, 750.9790649414062, 715.2935180664062, 694.0917358398438, 693.6812744140625, 699.4733276367188, 693.7554321289062, 657.8729248046875, 687.6101684570312, 704.5167236328125, 706.965087890625, 729.2408447265625, 773.9244384765625, 764.518310546875, 770.0921020507812, 775.3921508789062, 758.8410034179688, 760.5692749023438, 746.8438110351562, 753.7775268554688, 814.5486450195312, 663.5542602539062, 718.1057739257812], "v": [804.2435302734375, 879.0382690429688, 847.4534912109375, 906.970703125, 890.0638427734375, 866.5179443359375, 875.9559326171875, 837.2400512695312, 866.4569702148438, 828.9737548828125, 801.69677734375, 837.4683227539062, 835.796875, 870.1484985351562, 912.0696411132812, 915.5357666015625, 857.552978515625, 876.4793090820312, 888.68115234375, 910.3439331054688, 892.5559692382812, 859.7595825195312, 886.6031494140625, 932.7373657226562, 873.6543579101562, 914.9711303710938, 860.8495483398438, 882.2301025390625], "o": [1695.3736572265625, 1848.6771240234375, 1842.2557373046875, 1951.1246337890625, 1923.1920166015625, 1851.498779296875, 1876.9874267578125, 1813.703125, 1793.5867919921875, 1773.3438720703125, 1732.83740234375, 1788.2491455078125, 1757.20556640625, 1780.0992431640625, 1880.23388671875, 1871.840576171875, 1932.219970703125, 1924.5064697265625, 1990.7261962890625, 2004.435546875, 2076.18994140625, 2057.7548828125, 2076.73291015625, 2029.5189208984375, 2007.05029296875, 2002.5626220703125, 1871.31689453125, 1920.33056640625], "gate": [2598.227294921875, 2572.196044921875, 2644.134521484375, 2598.917724609375, 2556.807373046875, 2540.60546875, 2522.416748046875, 2509.587158203125, 2458.348388671875, 2445.82275390625, 2450.80517578125, 2458.46630859375, 2448.607666015625, 2451.352294921875, 2444.69677734375, 2490.03955078125, 2550.811279296875, 2577.026611328125, 2595.20654296875, 2605.154541015625, 2622.10791015625, 2633.209716796875, 2635.70166015625, 2621.63916015625, 2596.977783203125, 2553.034912109375, 2520.7919921875, 2445.5400390625], "up": [2701.693603515625, 2683.75146484375, 2718.318115234375, 2740.147705078125, 2754.20947265625, 2734.33935546875, 2724.74267578125, 2716.205078125, 2686.538330078125, 2662.56201171875, 2660.144287109375, 2681.0810546875, 2664.386474609375, 2690.26953125, 2692.5673828125, 2691.802978515625, 2692.758056640625, 2694.0029296875, 2694.926513671875, 2696.677734375, 2682.9365234375, 2684.27490234375, 2688.582763671875, 2695.00341796875, 2692.865234375, 2659.76171875, 2608.524169921875, 2408.2998046875], "down": [2716.33544921875, 2731.400390625, 2663.7314453125, 2642.255859375, 2652.299560546875, 2639.1865234375, 2634.4697265625, 2578.45458984375, 2580.34912109375, 2568.2900390625, 2550.344482421875, 2599.903076171875, 2618.81591796875, 2636.18212890625, 2678.35986328125, 2694.278564453125, 2681.94970703125, 2692.985107421875, 2691.583984375, 2698.339599609375, 2673.442626953125, 2649.755615234375, 2610.64208984375, 2589.23681640625, 2542.390869140625, 2629.31396484375, 2665.2294921875, 2649.30224609375]}