{
    "q": [
        75.51997375488281,
        58.2926025390625,
        57.36661148071289,
        56.564517974853516,
        54.767398834228516,
        53.2557487487793,
        50.4295654296875,
        54.01789855957031,
        52.206520080566406,
        60.73155212402344,
        55.04576110839844,
        56.00676727294922,
        55.87630844116211,
        54.20573806762695,
        54.96511459350586,
        51.059871673583984
    ],
    "k": [
        48.88020706176758,
        41.58489990234375,
        39.08830261230469,
        38.005767822265625,
        37.466575622558594,
        37.87799835205078,
        39.14313507080078,
        38.88252639770508,
        39.424739837646484,
        37.834877014160156,
        35.606971740722656,
        38.64585876464844,
        37.09097671508789,
        34.19984817504883,
        31.264629364013672,
        30.9484806060791
    ],
    "v": [
        9.363322257995605,
        10.00991153717041,
        11.965714454650879,
        14.19787311553955,
        13.681370735168457,
        11.510563850402832,
        13.486915588378906,
        14.070121765136719,
        13.182413101196289,
        14.460261344909668,
        12.818760871887207,
        13.703444480895996,
        14.722394943237305,
        17.521286010742188,
        23.255645751953125,
        22.22536849975586
    ],
    "o": [
        23.739736557006836,
        26.429513931274414,
        26.85556411743164,
        30.542652130126953,
        30.539119720458984,
        27.63532066345215,
        29.209102630615234,
        30.193021774291992,
        29.803661346435547,
        32.15971755981445,
        29.791589736938477,
        31.0208740234375,
        31.586048126220703,
        35.279747009277344,
        41.17174530029297,
        40.39718246459961
    ],
    "gate": [
        80.53965759277344,
        83.97472381591797,
        86.4363021850586,
        94.01885986328125,
        97.2217788696289,
        90.94969177246094,
        88.76224517822266,
        86.18321990966797,
        84.8578109741211,
        88.88429260253906,
        88.63150024414062,
        89.67373657226562,
        89.23746490478516,
        87.35768127441406,
        90.54633331298828,
        95.61552429199219
    ],
    "up": [
        71.65717315673828,
        71.26172637939453,
        67.93982696533203,
        65.97590637207031,
        65.38619232177734,
        66.22615051269531,
        65.49815368652344,
        67.38623046875,
        67.94120788574219,
        69.85567474365234,
        70.46000671386719,
        71.93638610839844,
        73.8245620727539,
        75.93788146972656,
        75.82877349853516,
        82.88587951660156
    ],
    "down": [
        71.22576904296875,
        70.44950866699219,
        68.6757583618164,
        65.46753692626953,
        64.8531265258789,
        65.46405792236328,
        64.35595703125,
        65.94159698486328,
        66.16559600830078,
        67.85285186767578,
        69.04535675048828,
        70.69648742675781,
        72.6693344116211,
        74.33386993408203,
        72.9314193725586,
        72.92745971679688
    ]
}